job_title,company,location,experience,salary
Full Stack Developer,Branchx,Bengaluru,5,750000
Full stack developer,Naukri E-hire Campaign,Hyderabad,9,3400000
Full Stack Developer,IT Company,Hyderabad(Gachibowli),4,650000
full stack developer (Dotnet+ React) - Hyd /Noida,Ltimindtree,Hybrid - Hyderabad,6,1700000
Full Stack Developer/React Developer/Backend Developer,Mandal Solution,Hyderabad,6,1400000
Full Stack Developer,Adira Tech Services,Hyderabad,6,1100000
FULL STACK Developer,Navia Markets,Chennai,4,500000
Full Stack Developer (Generative AI background),Genworx,Chennai,6,1400000
Full stack developer,Naukri E-hire Campaign,Pune,9,3400000
Full Stack Developer,Our client,Hybrid - Pune(Aundh),5,1500000
Full Stack Developer,Serviam Manpower,Mumbai,4,650000
Full Stack Developer (Next.js,RAROME,Remote,3,400000
ASP.NET Full Stack Developer,Sofscript Systems & Services Ltd,Mumbai(Vikhroli Park Site),6,50000
AWS Full Stack Developer,Guardians Infotech,Remote,10,2250000
Full stack developer,Naukri E-hire Campaign,Delhi / NCR,9,3400000
Walk-in Drive For AEM Full Stack Developer @ Gurgaon Location,GSPANN,Delhi / NCR,8,1750000
full stack developer (Dotnet+ React) - Hyd /Noida,Ltimindtree,Hybrid - Noida,6,1700000
Full Stack Developer/Engineer,Teertham Technologies,New Delhi,6,1200000
Full Stack Developer,Engminds,Hybrid - Noida,6,1100000
Data Analyst,AU Small Finance Bank,Bengaluru(Sarjapur Road),4,600000
Hiring For Data Analyst,IntouchCX,Hyderabad,2,4150000
Campaign Data Analyst::US MNC::Hyderabad::WFO,US MNC,Hyderabad,6,1400000
GCP Data analyst,The client of live connections,Hyderabad,8,2200000
SCM DATA Analyst,Tirumala Milk Products,Chennai,10,850000
Data Analyst,Varya Tech Private Limited,Chennai,2,250000
Data Analyst,Fortune India 500 IT Services Firm,Hybrid - Chennai,8,1050000
GCP Data analyst,The client of live connections,Pune,8,2200000
Data Analyst,Capco,Hybrid - Pune,8,2000000
Data Analyst || Manager || Bangalore/Pune,Top MNC client,Pune,8,1700000
Data Analyst,Our Client,Hybrid - Pune(Aundh),5,450000
Data Analyst,Fortune India 500 IT Services Firm,Hybrid - Pune,8,1050000
Data Analyst,Cointab Software,Mumbai (All Areas),0,350000
Data Analyst,Goavega Software India,Mumbai,3,850000
telecom data analyst,Brightview Telecom,Mumbai (All Areas),8,1550000
Data Analyst,iQor,Mumbai(Andheri East),2,450000
Data Analyst (Andheri,Paktolus Solutions,Mumbai(Matunga +12),5,500000
Data Analyst,Medivant Healthcare,Remote,4,450000
Data Analyst,Fortune India 500 IT Services Firm,Hybrid - Mumbai,8,1050000
Data Analyst,iQor,Noida,2,450000
Data Analyst,Antal International,Delhi / NCR,6,1900000
Data Analyst,TELUS Digital,Gurugram,4,350000
Data Analyst,Spearhead Professional,Hybrid - Noida,8,1700000
Software Engineer,Vibry Business Solutions,Hyderabad,nan,400000
Software Engineer,Fortune India 500 IT Services Company,Hyderabad,2,350000
Software Engineer,Large-Sized Firm in IT Services Sector,Hyderabad,2,350000
Software Engineer,Leading Australian Bank,Hybrid - Bengaluru(Hebbal),6,1500000
Software Engineer,Feuji Software Solutions,Hyderabad,8,2200000
Software Engineer,Vibry Business Solutions,Chennai,nan,400000
Software Engineer,Fortune India 500 IT Services Company,Chennai,2,350000
Software Engineer,Large-Sized Firm in IT Services Sector,Chennai,2,350000
Software Engineer,Valuelabs,Chennai,8,2750000
Software Engineer,Large-Sized Firm in IT Services Sector,Pune,2,350000
Software Engineer- Pune,Saleri India,Pune,4,1300000
Software Engineer - SRE,A.P. Moller Maersk,Hybrid - Pune,6,1900000
Software Engineer,Ideal Innovation,Mumbai(Dadar),0,350000
Software Engineer,Large-Sized Firm in IT Services Sector,Mumbai (All Areas),2,350000
Software Engineer,Bombay Shaving Company,Gurugram,4,1550000
Software Engineer,Large-Sized Firm in IT Services Sector,Delhi / NCR,2,350000
Python Developer,Crevavi Technologies,Hybrid - Mysuru,4,600000
Python Developer,IT MNC,Hybrid - Pune,8,2100000
Python Developer - PAN INDIA,Infosys,Hyderabad,6,1000000
Python Developer (MLOps) _ Hyderabad,Heylus Hr,Hybrid - Hyderabad,4,1000000
Python Developer,TEKsystems,Hybrid - Hyderabad,5,850000
Python Developer,Arohak Technologies,Hyderabad(HITEC City),8,1300000
Python Developer - PAN INDIA,Infosys,Pune,6,1000000
Python Developer,Infosys,Pune,6,900000
ML Python Developer,Fulcrum Worldwide Software,Pune,8,2750000
Python Developer,Lumina Datamatics,Mumbai(Andheri),2,950000
Hiring Python Developer with Datamatics - Mumbai,Datamatics,Mumbai Suburban,6,1650000
Python Developer,Service Industry,Mumbai (All Areas),8,1050000
Python Developer,mnc,Mumbai (All Areas),6,1000000
Python Developer,Service Industry,Mumbai (All Areas),6,650000
Python Developer,Service Industry,Delhi / NCR,8,1050000
UI/UX Designer - Has designed 20+ Premium eCommerce websites,Scoop Services,Hybrid - Bengaluru,nan,550000
ui/ux designer,Rio Business Solutions Pvt Ltd,Coimbatore,0,3900000
UI/UX Designer,Omnicom Media Group,Hybrid - Hyderabad,8,1250000
UI/UX designer,Humworld Solutions Pvt. Ltd.,Chennai,nan,0
UI/UX Designer,Omnicom Media Group,Hybrid - Chennai,8,1250000
UI UX Designer / Fresher's / Delhi NCR,USHEMA MANSYSTEM,Pune,1,450000
Data Visualization Analyst-UI & UX Designer,_VOIS,Hybrid - Pune,3,700000
Ux And Ui Designer,Infogain,Hybrid - Pune,6,1500000
UI UX Designer / Fresher's / Delhi NCR,USHEMA MANSYSTEM,Mumbai (All Areas),1,450000
UI/UX Designer,Talent Corner Hr Services,Mumbai,2,350000
UI/UX Designer,Savit Interactive,Mumbai(Virar +8),4,600000
UI/UX Designer,Cosmos Media,Navi Mumbai,5,900000
UI/UX Designer,Mizzen Digital,Mumbai (All Areas),8,1300000
UI/UX Designer,Super School,Hybrid - Gurugram(Sector 43 Gurgaon),1,1400000
UI/UX Designer - Remote,Profex Tech,Remote,4,750000
Ux And Ui Designer,Byte Digital Consulting,Noida(Sector-62 Noida),4,1100000
